Question,Answer
"Who is the protagonist of the story?","The protagonist is Darrow, a Red who works as a Helldiver on Mars."
"What does the flower 'haemanthus' symbolize?","The haemanthus, also called 'blood blossom,' symbolizes life and struggle on Mars."
"What is Darrow’s occupation, and why is it important?","Darrow is a Helldiver, responsible for drilling to mine helium-3. His job is crucial as it supports the terraforming efforts on Mars."
"Why was Darrow's father hanged?","Darrow's father was hanged by the Society for rebelling against the oppressive system."
"What are the 'Colors' mentioned in the story?","The Colors are a caste system in the society, with each color representing a different role, such as Golds being rulers and Reds being laborers."
"What is the significance of the Laurel in the story?","The Laurel is a prize awarded to the clan that extracts the most helium-3, providing them with better resources like more food and luxury items."
"Who is Eo, and how is she important to Darrow?","Eo is Darrow's wife. She symbolizes hope and rebellion, and her strong spirit motivates Darrow to question the society he lives in."
"What is Darrow’s relationship with his uncle, Narol?","Darrow has a strained relationship with his uncle Narol, who he sees as weak and overly cautious compared to his father."
"How does Darrow feel about the Society's control over his life?","Darrow resents the Society's control and longs for freedom, though he initially doesn’t see a way to challenge their authority."
"What is the role of the Grays in the Society?","The Grays are the Society's enforcers and police, overseeing the Reds and ensuring obedience to the hierarchy."
"What is Helium-3, and why is it important in the story?","Helium-3 is a rare resource being mined on Mars. It is essential for the terraforming process, which will make Mars habitable for future generations."
"How does Darrow describe his work as a Helldiver?","Darrow describes his work as grueling and dangerous. Helldivers operate claw drills deep underground, facing intense heat and risk, but their role is critical for mining helium-3."
"What is the relationship between the Reds and the Golds?","The Reds are the lowest caste, laboring underground for the Society, while the Golds are the ruling elite, controlling the Reds and other lower classes."
"What does Darrow think of the Society's caste system?","Darrow resents the Society's caste system. He believes the Reds, like himself, are being exploited by the Golds and the system that keeps them in servitude."
"Why is Darrow determined to win the Laurel?","Darrow is determined to win the Laurel because it would bring extra food and luxuries to his clan. Winning the Laurel would also prove that his clan is capable of competing with the dominant Gamma clan."
"Who is Uncle Narol, and what role does he play in Darrow's life?","Uncle Narol is Darrow's uncle and the headTalk of their mining crew. He is cautious and often preaches patience, which frustrates Darrow, who sees him as weak compared to his father."
"What does Eo believe about their situation as Reds?","Eo believes they are slaves to the Society, even though they are told they are pioneers preparing Mars for future generations. She is more rebellious and visionary, pushing Darrow to see beyond their current life."
"What is Darrow's opinion of his work and the 'Quota' system?","Darrow despises the Quota system, which forces the Reds to work hard to meet production targets while keeping them in poverty. He feels that no matter how hard they work, they are never rewarded enough."
"What is the role of pitvipers in the mines?","Pitvipers are dangerous creatures that inhabit the mines. They pose a constant threat to the miners, as their bite can be deadly, making the work even more perilous."
"What does Darrow's father symbolize to him?","Darrow’s father symbolizes resistance and strength. He was hanged for defying the Society, and his death left a lasting impact on Darrow, shaping his views on rebellion and oppression."
"What is the significance of the forbidden dance?","The forbidden dance is a symbol of rebellion. Darrow’s father performed it before his execution, and learning the dance connects Darrow to his father’s defiance and the possibility of fighting back against the Society."
"Why does Darrow feel conflicted about his uncle Narol?","Darrow feels conflicted because while he respects his uncle, he sees him as weak and overly cautious. Darrow believes that Narol lacks the courage to challenge the oppressive system, unlike his father."
"How does the Society maintain control over the Reds?","The Society maintains control through a strict caste system, constant surveillance, harsh punishments, and by keeping the Reds in ignorance about the true state of Mars and their role in the Society."
"What is Darrow’s goal in life before the events of the story?","Before the events of the story, Darrow’s main goal is to provide for his family, particularly for his wife Eo, and to win the Laurel for his clan to improve their quality of life."
"How does Darrow’s view of Eo differ from how others see her?","While others may see Eo as a typical member of the Red class, Darrow sees her as strong-willed and visionary. He is deeply inspired by her defiance and her belief in something greater than their current life."
"What motivates Darrow to take risks in the mines?","Darrow is motivated by his desire to win the Laurel and improve life for his clan and his wife, Eo. He is willing to take dangerous risks in the mines to achieve this goal."
"What is the 'Fading Dirge,' and what does it represent?","The Fading Dirge is a mournful tradition performed during deaths in the Red society. It represents loss, the passing of life, and the helplessness of the Reds under the oppressive Society."
"What law did Eo and Darrow break that led to their punishment?","Eo and Darrow broke the law by leaving their designated work area and entering a restricted zone to witness the surface of Mars. This act of disobedience was considered a serious offense under the Society's strict rules."
"What was Eo’s punishment for singing the forbidden song?","Eo was publicly flogged for singing the forbidden song of rebellion, which was considered a grave offense against the Society. After the flogging, she was executed by hanging."
"Why did Eo sing the forbidden song, knowing it would lead to her death?","Eo sang the forbidden song as an act of defiance against the Society. She believed that the Reds were slaves, not pioneers, and her final act was a statement of rebellion, hoping to inspire Darrow to see the truth and fight back."
"How did Darrow survive his hanging?","Darrow was cut down after his hanging by members of a resistance group known as the Sons of Ares. They faked his death in order to recruit him for their cause."
"What impact did Eo’s death have on Darrow?","Eo’s death had a profound impact on Darrow, motivating him to carry out her wish to challenge the Society. Her execution opened his eyes to the truth about their oppression, pushing him to take action and fight for change."
"Why was the song Eo sang considered forbidden by the Society?","The song Eo sang was forbidden because it symbolized resistance and rebellion. The Society banned any songs or dances that could inspire the lower classes, especially the Reds, to rise up against their oppressive rulers."
"What were Darrow’s emotions during Eo’s execution?","Darrow was devastated, angry, and helpless during Eo’s execution. He struggled with feelings of guilt, believing he should have stopped her or spoken out, but was unable to act in the face of the Society’s overwhelming power."
"What message did Eo want Darrow to understand through her actions and sacrifice?","Eo wanted Darrow to understand that their lives as Reds were built on lies and that they were slaves, not pioneers. Her sacrifice was meant to inspire Darrow to see the truth and lead him toward rebellion against the Society."
"How does Darrow reflect on Eo’s death after her execution?","After Eo’s death, Darrow is consumed by grief and anger, but her sacrifice fuels his resolve to fight against the Society. He realizes that her death was not in vain and that she had a vision for a better future, which he now feels obligated to pursue."
